"No.","Time","Source","Destination","Protocol","Length","Info"
"22","1659513008.031772","187.35.147.87","192.168.10.5","SSH","134","Client: Encrypted packet (len=68)"
"24","1659513008.037454","187.35.147.87","192.168.10.5","SSH","118","Client: Encrypted packet (len=52)"
"26","1659513008.038051","187.35.147.87","192.168.10.5","TCP","66","39331  >  22 [FIN, ACK] Seq=53 Ack=85 Win=134 Len=0 TSval=1978927235 TSecr=816496072"
"31","1659513008.329986","187.35.147.87","192.168.10.5","TCP","66","39035  >  22 [ACK] Seq=69 Ack=53 Win=134 Len=0 TSval=1978927310 TSecr=816496367"
"32","1659513008.329986","187.35.147.87","192.168.10.5","SSH","150","Client: Encrypted packet (len=84)"
"33","1659513008.337126","187.35.147.87","192.168.10.5","TCP","66","39331  >  22 [ACK] Seq=54 Ack=86 Win=134 Len=0 TSval=1978927310 TSecr=816496372"
"46","1659513008.694292","187.35.147.87","192.168.10.5","SSH","118","Client: Encrypted packet (len=52)"
"50","1659513008.999358","187.35.147.87","192.168.10.5","SSH","206","Client: Encrypted packet (len=140)"
"56","1659513009.300223","187.35.147.87","192.168.10.5","SSH","182","Client: Encrypted packet (len=116)"
"60","1659513009.634458","187.35.147.87","192.168.10.5","SSH","102","Client: Encrypted packet (len=36)"
"64","1659513009.934437","187.35.147.87","192.168.10.5","SSH","170","Client: Encrypted packet (len=104)"
"70","1659513010.232942","187.35.147.87","192.168.10.5","SSH","182","Client: Encrypted packet (len=116)"
"79","1659513010.596672","187.35.147.87","192.168.10.5","SSH","102","Client: Encrypted packet (len=36)"
"86","1659513010.893340","187.35.147.87","192.168.10.5","SSH","170","Client: Encrypted packet (len=104)"
"88","1659513010.935672","187.35.147.87","192.168.10.5","TCP","66","39035  >  22 [ACK] Seq=857 Ack=781 Win=144 Len=0 TSval=1978927962 TSecr=816498917"
"95","1659513011.230598","187.35.147.87","192.168.10.5","TCP","66","39035  >  22 [ACK] Seq=857 Ack=833 Win=144 Len=0 TSval=1978928035 TSecr=816499249"
"96","1659513011.230899","187.35.147.87","192.168.10.5","SSH","198","Client: Encrypted packet (len=132)"
"103","1659513011.560902","187.35.147.87","192.168.10.5","SSH","118","Client: Encrypted packet (len=52)"
"105","1659513011.899922","187.35.147.87","192.168.10.5","SSH","206","Client: Encrypted packet (len=140)"
"108","1659513012.199934","187.35.147.87","192.168.10.5","SSH","182","Client: Encrypted packet (len=116)"
"123","1659513012.562408","187.35.147.87","192.168.10.5","SSH","118","Client: Encrypted packet (len=52)"
"134","1659513012.858877","187.35.147.87","192.168.10.5","SSH","206","Client: Encrypted packet (len=140)"
"143","1659513013.171291","187.35.147.87","192.168.10.5","SSH","134","Client: Encrypted packet (len=68)"
"147","1659513013.551162","187.35.147.87","192.168.10.5","SSH","118","Client: Encrypted packet (len=52)"
"152","1659513013.846679","187.35.147.87","192.168.10.5","SSH","206","Client: Encrypted packet (len=140)"
"159","1659513014.146942","187.35.147.87","192.168.10.5","SSH","134","Client: Encrypted packet (len=68)"
"168","1659513014.478431","187.35.147.87","192.168.10.5","SSH","118","Client: Encrypted packet (len=52)"
"173","1659513014.815721","187.35.147.87","192.168.10.5","SSH","206","Client: Encrypted packet (len=140)"
"176","1659513015.116285","187.35.147.87","192.168.10.5","SSH","118","Client: Encrypted packet (len=52)"
"180","1659513015.482679","187.35.147.87","192.168.10.5","SSH","118","Client: Encrypted packet (len=52)"
"186","1659513015.778752","187.35.147.87","192.168.10.5","SSH","206","Client: Encrypted packet (len=140)"
"190","1659513016.079635","187.35.147.87","192.168.10.5","SSH","134","Client: Encrypted packet (len=68)"
"197","1659513016.408503","187.35.147.87","192.168.10.5","SSH","118","Client: Encrypted packet (len=52)"
"201","1659513016.744862","187.35.147.87","192.168.10.5","SSH","206","Client: Encrypted packet (len=140)"
"207","1659513017.045442","187.35.147.87","192.168.10.5","SSH","166","Client: Encrypted packet (len=100)"
"211","1659513017.408543","187.35.147.87","192.168.10.5","SSH","118","Client: Encrypted packet (len=52)"
"213","1659513017.704022","187.35.147.87","192.168.10.5","SSH","206","Client: Encrypted packet (len=140)"
"218","1659513018.004334","187.35.147.87","192.168.10.5","SSH","118","Client: Encrypted packet (len=52)"
"224","1659513018.371942","187.35.147.87","192.168.10.5","SSH","118","Client: Encrypted packet (len=52)"
"232","1659513018.667115","187.35.147.87","192.168.10.5","SSH","206","Client: Encrypted packet (len=140)"
"238","1659513018.967428","187.35.147.87","192.168.10.5","SSH","118","Client: Encrypted packet (len=52)"
"242","1659513019.300741","187.35.147.87","192.168.10.5","SSH","118","Client: Encrypted packet (len=52)"
"247","1659513019.637312","187.35.147.87","192.168.10.5","SSH","206","Client: Encrypted packet (len=140)"
"253","1659513019.938183","187.35.147.87","192.168.10.5","SSH","134","Client: Encrypted packet (len=68)"
"261","1659513020.308219","187.35.147.87","192.168.10.5","SSH","118","Client: Encrypted packet (len=52)"
"266","1659513020.603743","187.35.147.87","192.168.10.5","SSH","206","Client: Encrypted packet (len=140)"
"272","1659513020.904604","187.35.147.87","192.168.10.5","SSH","134","Client: Encrypted packet (len=68)"
"278","1659513021.240313","187.35.147.87","192.168.10.5","SSH","118","Client: Encrypted packet (len=52)"
"284","1659513021.582615","187.35.147.87","192.168.10.5","SSH","206","Client: Encrypted packet (len=140)"
"288","1659513021.882864","187.35.147.87","192.168.10.5","SSH","598","Client: Encrypted packet (len=532)"
"294","1659513022.243285","187.35.147.87","192.168.10.5","SSH","102","Client: Encrypted packet (len=36)"
"295","1659513022.243553","187.35.147.87","192.168.10.5","SSH","102","Client: Encrypted packet (len=36)"
"305","1659513022.546261","187.35.147.87","192.168.10.5","TCP","66","39035  >  22 [ACK] Seq=4418 Ack=4282 Win=261 Len=0 TSval=1978930864 TSecr=816510485"
